{
  "results": [
    {
      "label": "Linear",
      "hidden": [],
      "mean_lam": 0.5015218822161188,
      "survival": 0.52,
      "welfare": 24.224893775284453
    },
    {
      "label": "MLP-16",
      "hidden": [
        16
      ],
      "mean_lam": 0.5001334856808572,
      "survival": 0.52,
      "welfare": 24.198575721310547
    },
    {
      "label": "MLP-32-16",
      "hidden": [
        32,
        16
      ],
      "mean_lam": 0.5001369358440816,
      "survival": 0.52,
      "welfare": 24.19851502255023
    },
    {
      "label": "MLP-64-32-16",
      "hidden": [
        64,
        32,
        16
      ],
      "mean_lam": 0.5001368369768177,
      "survival": 0.52,
      "welfare": 24.19851369831257
    }
  ],
  "time_seconds": 17.860304355621338
}