{
  "meta_learning": {
    "n_steps": 30,
    "optimal_phi": [
      1.2970211379140597,
      1.0,
      0.0035369390472883566,
      0.3073913609459476,
      1.6519094033023611,
      0.40496119000860364
    ],
    "phi_labels": [
      "svo_scale",
      "base_crisis",
      "slope_crisis",
      "crisis_threshold",
      "base_abundance",
      "slope_abundance"
    ],
    "loss_curve": [
      -21.34143423046159,
      -24.076394437439827,
      -27.536198125094586,
      -30.149003297720757,
      -30.15953540745034,
      -30.16413150941375,
      -30.181651987859617,
      -30.193328558261264,
      -30.207512683142728,
      -30.206784201187784,
      -30.203491936402163,
      -30.212067622317242,
      -30.213883086238543,
      -30.220646721256113,
      -30.22185233070952,
      -30.218763710326282,
      -30.229155152379235,
      -30.228358408757067,
      -30.229820506156024,
      -30.22860336262258,
      -30.230354459763703,
      -30.230483047897554,
      -30.229954076523665,
      -30.233003861611994,
      -30.23292172653298,
      -30.23693953945179,
      -30.237015191401436,
      -30.236485810263993,
      -30.237668160435373,
      -30.237848062644066
    ],
    "time_seconds": 159.49269104003906
  },
  "handcrafted_params": {
    "R_crisis": 0.2,
    "R_abundance": 0.7,
    "crisis_factor": 0.3,
    "abundance_factor": 1.5
  },
  "ablation": {
    "learned": {
      "byz_0": {
        "welfare": 31.987320389571728,
        "cooperation": 1.0,
        "resource_stability": 0.06496648078329333,
        "sustainability": 1.0
      },
      "byz_10": {
        "welfare": 30.78802524355778,
        "cooperation": 1.0,
        "resource_stability": 0.0700260436533387,
        "sustainability": 1.0
      },
      "byz_20": {
        "welfare": 29.588051630809996,
        "cooperation": 1.0,
        "resource_stability": 0.07703627544010808,
        "sustainability": 1.0
      },
      "byz_30": {
        "welfare": 28.387770462357672,
        "cooperation": 1.0,
        "resource_stability": 0.08728887423773915,
        "sustainability": 1.0
      },
      "byz_50": {
        "welfare": 25.980177829002475,
        "cooperation": 1.0,
        "resource_stability": 0.14041643175290003,
        "sustainability": 1.0
      }
    },
    "handcrafted": {
      "byz_0": {
        "welfare": 30.716482264494193,
        "cooperation": 1.0,
        "resource_stability": 0.06760640202761062,
        "sustainability": 1.0
      },
      "byz_10": {
        "welfare": 29.662426786859328,
        "cooperation": 1.0,
        "resource_stability": 0.0732265191658232,
        "sustainability": 1.0
      },
      "byz_20": {
        "welfare": 28.557434622484323,
        "cooperation": 1.0,
        "resource_stability": 0.08142308766117706,
        "sustainability": 1.0
      },
      "byz_30": {
        "welfare": 27.474607222433498,
        "cooperation": 1.0,
        "resource_stability": 0.09355170167787578,
        "sustainability": 1.0
      },
      "byz_50": {
        "welfare": 25.372433934175366,
        "cooperation": 1.0,
        "resource_stability": 0.1554174380205446,
        "sustainability": 1.0
      }
    }
  },
  "delta_byz_0": {
    "welfare": 1.2708381250775354,
    "cooperation": 0.0,
    "resource_stability": -0.002639921244317292,
    "sustainability": 0.0
  },
  "delta_byz_10": {
    "welfare": 1.1255984566984516,
    "cooperation": 0.0,
    "resource_stability": -0.0032004755124845075,
    "sustainability": 0.0
  },
  "delta_byz_20": {
    "welfare": 1.0306170083256738,
    "cooperation": 0.0,
    "resource_stability": -0.004386812221068986,
    "sustainability": 0.0
  },
  "delta_byz_30": {
    "welfare": 0.9131632399241738,
    "cooperation": 0.0,
    "resource_stability": -0.006262827440136634,
    "sustainability": 0.0
  },
  "delta_byz_50": {
    "welfare": 0.6077438948271094,
    "cooperation": 0.0,
    "resource_stability": -0.015001006267644584,
    "sustainability": 0.0
  }
}