{
  "phi1_grid": [
    0.0,
    0.1,
    0.2,
    0.3,
    0.4,
    0.5,
    0.6,
    0.7,
    0.8,
    0.9,
    1.0
  ],
  "beta_grid": [
    0.0,
    0.05,
    0.1,
    0.15,
    0.2,
    0.25,
    0.3,
    0.35,
    0.4,
    0.45,
    0.5
  ],
  "survival_matrix": [
    [
      94.66666666666667,
      93.33333333333334,
      86.00000000000001,
      78.33333333333334,
      70.99999999999999,
      60.666666666666664,
      52.666666666666664,
      44.66666666666667,
      37.333333333333336,
      29.333333333333332,
      22.0
    ],
    [
      97.33333333333334,
      95.0,
      92.0,
      84.0,
      77.0,
      67.66666666666666,
      57.33333333333333,
      49.0,
      40.0,
      34.33333333333333,
      24.333333333333332
    ],
    [
      98.66666666666666,
      97.66666666666666,
      95.33333333333334,
      90.33333333333333,
      83.66666666666666,
      77.33333333333334,
      65.33333333333333,
      53.333333333333336,
      43.99999999999999,
      37.33333333333333,
      28.999999999999993
    ],
    [
      99.33333333333334,
      99.0,
      97.66666666666666,
      95.0,
      91.33333333333333,
      82.0,
      75.99999999999999,
      61.666666666666664,
      51.666666666666664,
      41.0,
      33.66666666666667
    ],
    [
      100.0,
      99.66666666666666,
      99.33333333333334,
      97.99999999999999,
      96.33333333333333,
      92.33333333333334,
      84.0,
      76.33333333333334,
      60.000000000000014,
      50.0,
      41.0
    ],
    [
      100.0,
      100.0,
      100.0,
      99.66666666666666,
      99.0,
      96.66666666666666,
      91.99999999999999,
      83.66666666666667,
      76.33333333333334,
      56.333333333333336,
      47.666666666666664
    ],
    [
      100.0,
      100.0,
      100.0,
      100.0,
      99.66666666666666,
      99.0,
      96.66666666666666,
      92.66666666666666,
      83.33333333333334,
      76.33333333333334,
      54.0
    ],
    [
      100.0,
      100.0,
      100.0,
      100.0,
      100.0,
      99.66666666666666,
      99.0,
      96.66666666666667,
      92.33333333333333,
      80.66666666666667,
      75.66666666666666
    ],
    [
      100.0,
      100.0,
      100.0,
      100.0,
      100.0,
      100.0,
      99.66666666666666,
      99.0,
      97.0,
      92.33333333333333,
      79.0
    ],
    [
      100.0,
      100.0,
      100.0,
      100.0,
      100.0,
      100.0,
      100.0,
      99.66666666666666,
      99.0,
      97.0,
      91.66666666666666
    ],
    [
      100.0,
      100.0,
      100.0,
      100.0,
      100.0,
      100.0,
      100.0,
      100.0,
      99.66666666666666,
      99.0,
      96.00000000000001
    ]
  ],
  "n_seeds": 10,
  "n_episodes": 200
}