{
  "results": [
    {
      "K": 0,
      "mean_lam": 0.4970668099069295,
      "survival": 0.5,
      "welfare": 24.22657537921399,
      "time_s": 0.05631756782531738,
      "time_ratio": 1.0
    },
    {
      "K": 1,
      "mean_lam": 0.4967460869790611,
      "survival": 0.45,
      "welfare": 24.190904884533694,
      "time_s": 0.08187222480773926,
      "time_ratio": 1.4537599539398762
    },
    {
      "K": 2,
      "mean_lam": 0.5002945973535878,
      "survival": 0.45,
      "welfare": 24.1817363196698,
      "time_s": 0.0892188549041748,
      "time_ratio": 1.5842100138434378
    }
  ]
}