{
  "n_seeds": 5,
  "n_episodes": 50,
  "n_agents": 20,
  "augmented": {
    "reward": 43.41199999999999,
    "coop": 0.3552,
    "critic_loss": 321.59250303238684,
    "role_spec": 0.07895544843729345
  },
  "baseline": {
    "reward": 41.388000000000005,
    "coop": 0.3257,
    "critic_loss": 296.4871865404376,
    "role_spec": 0.07678600311120594
  },
  "deltas": {
    "cooperation": 0.029500000000000026,
    "critic_loss": 25.105316491949225,
    "role_specialization": 0.00216944532608751
  },
  "convergence_curves": {
    "augmented_critic": [
      306.95331508021667,
      330.5157438294708,
      329.8066632681613,
      327.83471120370314,
      330.619497363546,
      315.7510711676979,
      336.0364843269923,
      332.99925140516314,
      331.1322967932192,
      323.5578507487318,
      339.63878106720824,
      323.8763935122462,
      324.966078042126,
      310.7915178812035,
      313.0525087713559,
      325.83920587072686,
      314.20045246593986,
      332.23349272999315,
      323.1526532011662,
      330.1279864230112,
      318.08035475824397,
      307.5390162322034,
      324.3189722871374,
      329.1551395012692,
      316.1020823114939,
      313.318956581534,
      336.218618083506,
      328.82094140035997,
      320.57531388029076,
      321.6901331820595,
      317.8958383851729,
      329.6817206761594,
      320.46900764913164,
      322.125716143866,
      331.95530189646945,
      331.4135583494617,
      326.3483657675853,
      320.8124453720077,
      333.8265409330153,
      336.39153945683546,
      326.1071065585301,
      324.6153941596544,
      319.544345405525,
      321.996292126203,
      318.8615115245467,
      327.315318374454,
      330.9854627876729,
      332.4654465873963,
      313.5252332788394,
      321.59250303238684
    ],
    "baseline_critic": [
      308.1904546784991,
      295.533543195325,
      299.77773273497274,
      305.3054647476325,
      295.4170955977182,
      319.77640536074784,
      293.49174597962826,
      306.0376677347865,
      297.80540308692105,
      312.62870302680307,
      303.52203782697444,
      297.6233992384588,
      295.23932807813765,
      296.26054208255715,
      313.7637443466967,
      300.4674178546642,
      304.0396887647686,
      302.4434294588291,
      318.6599167199982,
      310.7960447901711,
      298.90035869683396,
      299.92593113912574,
      303.15099906557055,
      310.4060213678025,
      297.2907048474407,
      302.19832423503095,
      305.15823914709495,
      305.03683374879654,
      316.54856242302037,
      305.02654239304354,
      305.71281702914314,
      308.1191994363447,
      312.4876742560518,
      307.28911162142276,
      298.66059668578635,
      310.2045460802052,
      304.6296060013218,
      312.9475179908034,
      309.12493436169245,
      296.04482389114673,
      307.64096217804484,
      310.5598014206951,
      306.4687766301298,
      305.8003573143501,
      305.41288967392956,
      294.26403472812524,
      307.58686309889856,
      304.67128100747567,
      314.62153658367953,
      296.4871865404376
    ],
    "augmented_coop": [
      0.346,
      0.3522,
      0.35140000000000005,
      0.3485,
      0.341,
      0.3454,
      0.34500000000000003,
      0.3577,
      0.3505,
      0.3444,
      0.3476,
      0.3504,
      0.3547,
      0.34900000000000003,
      0.3492,
      0.3559,
      0.3472,
      0.34670000000000006,
      0.34479999999999994,
      0.3513,
      0.34319999999999995,
      0.34309999999999996,
      0.3438,
      0.3548,
      0.3423999999999999,
      0.3487,
      0.3532,
      0.3509,
      0.3381,
      0.3453,
      0.34540000000000004,
      0.3568,
      0.34800000000000003,
      0.35059999999999997,
      0.3531,
      0.3508,
      0.3488,
      0.3477,
      0.3423,
      0.34809999999999997,
      0.34490000000000004,
      0.3511,
      0.3454,
      0.34299999999999997,
      0.34130000000000005,
      0.35130000000000006,
      0.36110000000000003,
      0.352,
      0.3415,
      0.3552
    ],
    "baseline_coop": [
      0.3365,
      0.3315,
      0.3295,
      0.32930000000000004,
      0.3237,
      0.32880000000000004,
      0.3185,
      0.3256,
      0.3261,
      0.3297,
      0.3295,
      0.3339,
      0.3268,
      0.3315,
      0.3267,
      0.33120000000000005,
      0.33120000000000005,
      0.3237,
      0.32900000000000007,
      0.3326,
      0.321,
      0.3214,
      0.3257,
      0.3333,
      0.3243,
      0.3316,
      0.3163,
      0.32259999999999994,
      0.33070000000000005,
      0.33049999999999996,
      0.3328,
      0.32380000000000003,
      0.33240000000000003,
      0.329,
      0.3311,
      0.32089999999999996,
      0.3325,
      0.33240000000000003,
      0.3353,
      0.32830000000000004,
      0.3307,
      0.3225,
      0.32680000000000003,
      0.3212,
      0.3311,
      0.3233,
      0.32399999999999995,
      0.3325,
      0.32989999999999997,
      0.3257
    ]
  }
}