{
  "metadata": {
    "script": "run_true_lmm.py",
    "timestamp": "2026-02-27T11:32:49.916606",
    "config": {
      "N_AGENTS": 50,
      "ENDOWMENT": 100,
      "MPCR": 1.6,
      "N_ROUNDS": 200,
      "ALPHA_EMA": 0.9,
      "R_CRISIS": 0.2,
      "R_ABUNDANCE": 0.7,
      "BETA_RESTRAINT": 0.1,
      "N_SEEDS": 10,
      "SVO_CONDITIONS": {
        "selfish": 0.0,
        "individualist": 15.0,
        "prosocial": 45.0,
        "altruistic": 90.0
      }
    },
    "description": "True LMM Welfare ATE from real PGG simulation (NOT mock data)"
  },
  "lmm_results": {
    "selfish": {
      "welfare": {
        "ate": -94.20638234775797,
        "se": 21.993662668577382,
        "t_stat": -4.283342150278746,
        "p_value": 1.841067254715334e-05,
        "ci_95": [
          -141.45321191016214,
          -54.131991668027794
        ],
        "icc_seed": 0.010234016945659475,
        "seed_ates": [
          -19.720392461786105,
          -120.65879169803156,
          -67.73882702368064,
          -105.64712761444753,
          -225.7756406688095,
          -207.67934207089274,
          -5.551547843933804,
          -71.96829125366276,
          -72.30226838701128,
          -45.02159445532379
        ],
        "significant": "True",
        "dynamic_mean": 20508.128388271216,
        "static_mean": 20602.334770618974
      },
      "cooperation": {
        "ate": 0.00026,
        "se": 7.057033211626541e-05,
        "t_stat": 3.684262547402965,
        "p_value": 0.00022936573136522753,
        "ci_95": [
          0.00013,
          0.00040999999999999994
        ],
        "icc_seed": 0.012689822482446524,
        "seed_ates": [
          0.0004000000000000001,
          0.0,
          0.0001,
          0.0,
          0.0,
          0.0006000000000000001,
          0.0002,
          0.0002,
          0.0006,
          0.0005
        ],
        "significant": "True",
        "dynamic_mean": 0.00029,
        "static_mean": 3.0000000000000004e-05
      }
    },
    "individualist": {
      "welfare": {
        "ate": 1311.2197142414075,
        "se": 79.05897990965555,
        "t_stat": 16.585335603092044,
        "p_value": 0.0,
        "ci_95": [
          1157.7806509744228,
          1471.0032485232505
        ],
        "icc_seed": 0.022742729867054338,
        "seed_ates": [
          1634.894238442168,
          1232.0033274202942,
          1111.4063077051396,
          875.0963638522517,
          1209.2974252077183,
          1257.1136376434333,
          1571.1449898227984,
          1105.943651732141,
          1395.267846386967,
          1720.029354201164
        ],
        "significant": "True",
        "dynamic_mean": 23896.267724256548,
        "static_mean": 22585.04801001514
      },
      "cooperation": {
        "ate": 0.37083999999999995,
        "se": 0.02514675931681406,
        "t_stat": 14.747029382722074,
        "p_value": 0.0,
        "ci_95": [
          0.31947324999999993,
          0.41845449999999995
        ],
        "icc_seed": 0.035396107924258416,
        "seed_ates": [
          0.47629999999999995,
          0.3313999999999999,
          0.2941000000000001,
          0.20209999999999995,
          0.36339999999999995,
          0.3843999999999999,
          0.4516999999999998,
          0.3376,
          0.39859999999999995,
          0.46879999999999994
        ],
        "significant": "True",
        "dynamic_mean": 0.49373999999999996,
        "static_mean": 0.12289999999999998
      }
    },
    "prosocial": {
      "welfare": {
        "ate": 2612.248323444259,
        "se": 28.40006705321303,
        "t_stat": 91.98035760058269,
        "p_value": 0.0,
        "ci_95": [
          2556.5814456193184,
          2670.6043643794837
        ],
        "icc_seed": 0.0694843044575654,
        "seed_ates": [
          2558.5076564058218,
          2630.830689967119,
          2650.566498777651,
          2702.8004575768136,
          2483.029473695944,
          2525.344027020459,
          2709.446024586763,
          2543.4220372536874,
          2553.630701807204,
          2764.905667351126
        ],
        "significant": "True",
        "dynamic_mean": 29404.600861613282,
        "static_mean": 26792.352538169023
      },
      "cooperation": {
        "ate": 0.00014999999999996128,
        "se": 6.952964763321574e-05,
        "t_stat": 2.1573499848042497,
        "p_value": 0.03097840509806571,
        "ci_95": [
          3.999999999995119e-05,
          0.00030999999999994395
        ],
        "icc_seed": 0.014202376225525186,
        "seed_ates": [
          0.0,
          0.0,
          9.999999999987796e-05,
          0.00029999999999996696,
          0.0,
          0.0,
          0.00029999999999996696,
          0.0,
          9.999999999987796e-05,
          0.0006999999999999229
        ],
        "significant": "True",
        "dynamic_mean": 1.0,
        "static_mean": 0.99985
      }
    },
    "altruistic": {
      "welfare": {
        "ate": 15.460346920807932,
        "se": 3.114618925956052,
        "t_stat": 4.963800480203497,
        "p_value": 6.912695833527494e-07,
        "ci_95": [
          9.945753326974865,
          22.379369905753208
        ],
        "icc_seed": 0.4113128314816223,
        "seed_ates": [
          7.7772956016342505,
          14.395219537276716,
          18.46879494469249,
          7.490726633222948,
          13.835128611681284,
          2.011224476114876,
          38.98468225454417,
          15.54215412288977,
          11.504580898457789,
          24.59366212756504
        ],
        "significant": "True",
        "dynamic_mean": 29616.112672508585,
        "static_mean": 29600.652325587776
      },
      "cooperation": {
        "ate": 0.0,
        "se": 0.0,
        "t_stat": 0.0,
        "p_value": 1.0,
        "ci_95": [
          0.0,
          0.0
        ],
        "icc_seed": 0.0,
        "seed_ates": [
          0.0,
          0.0,
          0.0,
          0.0,
          0.0,
          0.0,
          0.0,
          0.0,
          0.0,
          0.0
        ],
        "significant": "False",
        "dynamic_mean": 1.0,
        "static_mean": 1.0
      }
    }
  }
}