{
  "CleanRL QMIX": {
    "label": "CleanRL QMIX",
    "params_per_agent": 5195,
    "lambda": {
      "mean": 0.5596547619047618,
      "std": 0.020161124639067596,
      "ci95": [
        0.5505354166666666,
        0.5679761904761905
      ]
    },
    "survival": {
      "mean": 67.66666666666666,
      "std": 8.504900548115383,
      "ci95": [
        63.833333333333336,
        71.33333333333333
      ]
    },
    "welfare": {
      "mean": 12.35055,
      "std": 0.08467672348408349
    },
    "wall_clock": {
      "mean": 19.177621936798097,
      "total": 383.6908931732178
    },
    "per_seed_lambda": [
      0.575,
      0.5635714285714286,
      0.5726190476190477,
      0.5726190476190476,
      0.5657142857142857,
      0.5392857142857143,
      0.5661904761904762,
      0.5697619047619047,
      0.5604761904761906,
      0.5073809523809524,
      0.556904761904762,
      0.5233333333333333,
      0.5430952380952382,
      0.5642857142857143,
      0.591904761904762,
      0.5811904761904761,
      0.5654761904761905,
      0.574047619047619,
      0.5319047619047619,
      0.5683333333333334
    ],
    "per_seed_survival": [
      63.33333333333333,
      66.66666666666666,
      66.66666666666666,
      73.33333333333333,
      70.0,
      56.666666666666664,
      63.33333333333333,
      73.33333333333333,
      80.0,
      70.0,
      70.0,
      53.333333333333336,
      73.33333333333333,
      80.0,
      66.66666666666666,
      70.0,
      46.666666666666664,
      70.0,
      60.0,
      80.0
    ]
  }
}