{
  "time_seconds": 19.20026445388794,
  "n_seeds": 10,
  "survival_analysis": {
    "learned": {
      "byz_0": {
        "avg_cumulative": 6397.643692657844,
        "bottom_10_pct": 6393.7178870992775,
        "avg_stressed_rounds": 0.0,
        "gini": 0.00033273668027839637
      },
      "byz_30": {
        "avg_cumulative": 5677.894820425134,
        "bottom_10_pct": 4474.388872643269,
        "avg_stressed_rounds": 0.0,
        "gini": 0.14800582921167899
      },
      "byz_50": {
        "avg_cumulative": 5196.8156149374445,
        "bottom_10_pct": 3191.646922592384,
        "avg_stressed_rounds": 0.0,
        "gini": 0.19222461047272596
      }
    },
    "handcrafted": {
      "byz_0": {
        "avg_cumulative": 6177.6610045945845,
        "bottom_10_pct": 5807.096012252223,
        "avg_stressed_rounds": 0.0,
        "gini": 0.043694004116349994
      },
      "byz_30": {
        "avg_cumulative": 5532.696067970165,
        "bottom_10_pct": 4087.189514587107,
        "avg_stressed_rounds": 0.0,
        "gini": 0.16108476089229287
      },
      "byz_50": {
        "avg_cumulative": 5102.948941865403,
        "bottom_10_pct": 2941.197178307723,
        "avg_stressed_rounds": 0.0,
        "gini": 0.19171550512673213
      }
    }
  },
  "adaptive_adversary": {
    "learned_fixed": {
      "welfare": 28.38947410212571,
      "welfare_se": 0.000691738789182335,
      "avg_resource": 0.9767740291347508
    },
    "learned_exploitative": {
      "welfare": 28.74797413232515,
      "welfare_se": 0.0006601511653600631,
      "avg_resource": 0.9785898663130004
    },
    "handcrafted_fixed": {
      "welfare": 27.663480339850814,
      "welfare_se": 0.06439974448210598,
      "avg_resource": 0.9734926879802416
    },
    "handcrafted_exploitative": {
      "welfare": 28.02052871088453,
      "welfare_se": 0.06448689148041245,
      "avg_resource": 0.9759412922153727
    }
  },
  "marginal_utility_sweep": {
    "0.0": {
      "phi1": 0.0,
      "welfare_benign": 31.874430184297644,
      "welfare_byz30": 28.087692361674762,
      "welfare_byz50": 20.1461777831888,
      "bottom10_byz30": 4437.504315724374
    },
    "0.1": {
      "phi1": 0.1,
      "welfare_benign": 31.89416702323184,
      "welfare_byz30": 28.221541558279284,
      "welfare_byz50": 20.57791359969986,
      "bottom10_byz30": 4452.091940127911
    },
    "0.21": {
      "phi1": 0.21,
      "welfare_benign": 31.912117301048134,
      "welfare_byz30": 28.276269844637465,
      "welfare_byz50": 21.056729575182555,
      "bottom10_byz30": 4458.18802828244
    },
    "0.3": {
      "phi1": 0.3,
      "welfare_benign": 31.924830124568405,
      "welfare_byz30": 28.303736648058266,
      "welfare_byz50": 21.453479660073093,
      "bottom10_byz30": 4461.279076398472
    },
    "0.5": {
      "phi1": 0.5,
      "welfare_benign": 31.948214973063386,
      "welfare_byz30": 28.34266534145142,
      "welfare_byz50": 22.38845017900199,
      "bottom10_byz30": 4466.013433787446
    },
    "0.7": {
      "phi1": 0.7,
      "welfare_benign": 31.966867859201518,
      "welfare_byz30": 28.36704789504804,
      "welfare_byz50": 25.91181342714318,
      "bottom10_byz30": 4469.468535794769
    },
    "0.85": {
      "phi1": 0.85,
      "welfare_benign": 31.978548845439043,
      "welfare_byz30": 28.380051746589004,
      "welfare_byz50": 25.96415126819981,
      "bottom10_byz30": 4471.765601934419
    },
    "1.0": {
      "phi1": 1.0,
      "welfare_benign": 31.98821846328922,
      "welfare_byz30": 28.38947410212571,
      "welfare_byz50": 25.984078074687222,
      "bottom10_byz30": 4474.388872643269
    }
  }
}