{
  "CleanRL IPPO": {
    "label": "CleanRL IPPO",
    "params_per_agent": 4546,
    "lambda": {
      "mean": 0.4662878995374672,
      "std": 0.04322746797831897,
      "ci95": [
        0.42306043155914824,
        0.5095153675157862
      ]
    },
    "survival": {
      "mean": 80.0,
      "std": 0.0,
      "ci95": [
        80.0,
        80.0
      ]
    },
    "welfare": {
      "mean": 23.916818356114725,
      "std": 0.363110731017878
    },
    "wall_clock": {
      "mean": 0.8479630947113037,
      "total": 1.7047452926635742
    },
    "per_seed_lambda": [
      0.5095153675157862,
      0.42306043155914824
    ],
    "per_seed_survival": [
      80.0,
      80.0
    ]
  },
  "CleanRL MAPPO": {
    "label": "CleanRL MAPPO",
    "params_per_agent": 4546,
    "lambda": {
      "mean": 0.5047129316220972,
      "std": 0.01818143894762181,
      "ci95": [
        0.4865314926744754,
        0.522894370569719
      ]
    },
    "survival": {
      "mean": 80.0,
      "std": 0.0,
      "ci95": [
        80.0,
        80.0
      ]
    },
    "welfare": {
      "mean": 24.23958862562562,
      "std": 0.15272408716002417
    },
    "wall_clock": {
      "mean": 0.8614077568054199,
      "total": 1.7276451587677002
    },
    "per_seed_lambda": [
      0.4865314926744754,
      0.522894370569719
    ],
    "per_seed_survival": [
      80.0,
      80.0
    ]
  }
}