{
  "CleanRL IPPO": {
    "label": "CleanRL IPPO",
    "params_per_agent": 4546,
    "lambda": {
      "mean": 0.40133565642705615,
      "std": 0.06314531201795613,
      "ci95": [
        0.3738868334186007,
        0.4290687289744588
      ]
    },
    "survival": {
      "mean": 37.33333333333333,
      "std": 10.88321847820967,
      "ci95": [
        32.66666666666667,
        42.00000000000001
      ]
    },
    "welfare": {
      "mean": 23.371219513987274,
      "std": 0.5304206209508315
    },
    "wall_clock": {
      "mean": 44.9179104924202,
      "total": 898.4438254833221
    },
    "per_seed_lambda": [
      0.42076225306076387,
      0.37026808525072913,
      0.4896333305940116,
      0.34700247956208424,
      0.28987675353879666,
      0.46006113194405723,
      0.3275841124555208,
      0.4925720877532241,
      0.3281955288987419,
      0.345350658770526,
      0.42968285791861266,
      0.3423580522023271,
      0.33998448292435896,
      0.45330476408016523,
      0.42067527975384433,
      0.4729283611939268,
      0.3446777676401333,
      0.40830396210891706,
      0.47937780946945374,
      0.46411336942092796
    ],
    "per_seed_survival": [
      36.666666666666664,
      30.0,
      30.0,
      40.0,
      46.666666666666664,
      33.33333333333333,
      43.333333333333336,
      46.666666666666664,
      13.333333333333334,
      23.333333333333332,
      33.33333333333333,
      40.0,
      23.333333333333332,
      33.33333333333333,
      46.666666666666664,
      56.666666666666664,
      26.666666666666668,
      43.333333333333336,
      43.333333333333336,
      56.666666666666664
    ]
  },
  "CleanRL MAPPO": {
    "label": "CleanRL MAPPO",
    "params_per_agent": 4546,
    "lambda": {
      "mean": 0.3920416178173196,
      "std": 0.0498433907136534,
      "ci95": [
        0.36965938114808733,
        0.41380210174790133
      ]
    },
    "survival": {
      "mean": 36.16666666666667,
      "std": 11.415145884111844,
      "ci95": [
        31.166666666666668,
        41.16666666666667
      ]
    },
    "welfare": {
      "mean": 23.293149589665486,
      "std": 0.41868448199468994
    },
    "wall_clock": {
      "mean": 44.75961130857468,
      "total": 895.2475905418396
    },
    "per_seed_lambda": [
      0.45365268719513924,
      0.4032538094159511,
      0.3706187858704523,
      0.37085192123274147,
      0.2960834651982528,
      0.41554037222430934,
      0.3202731395289024,
      0.4513245064444443,
      0.38992842537653405,
      0.39748908308598646,
      0.4623613004843644,
      0.36252232932636635,
      0.32603645346803684,
      0.3410025296138229,
      0.3758334549694986,
      0.4628819411889487,
      0.3439502073889916,
      0.4231401878090683,
      0.4595042374950427,
      0.414583519029538
    ],
    "per_seed_survival": [
      43.333333333333336,
      26.666666666666668,
      26.666666666666668,
      43.333333333333336,
      43.333333333333336,
      26.666666666666668,
      46.666666666666664,
      46.666666666666664,
      20.0,
      26.666666666666668,
      23.333333333333332,
      40.0,
      26.666666666666668,
      23.333333333333332,
      40.0,
      53.333333333333336,
      20.0,
      53.333333333333336,
      40.0,
      53.333333333333336
    ]
  }
}