{
  "lr=1e-04_ent=0.0": {
    "lr": 0.0001,
    "entropy_coef": 0.0,
    "lambda_mean": 0.4283328881060133,
    "lambda_std": 0.022845797939077976,
    "lambda_ci95": [
      0.40324969049887144,
      0.4585102637158543
    ],
    "survival_mean": 48.333333333333336,
    "survival_std": 2.357022603955158,
    "still_trapped": true
  },
  "lr=1e-04_ent=0.01": {
    "lr": 0.0001,
    "entropy_coef": 0.01,
    "lambda_mean": 0.4283328881060133,
    "lambda_std": 0.022845797939077976,
    "lambda_ci95": [
      0.40324969049887144,
      0.4585102637158543
    ],
    "survival_mean": 48.333333333333336,
    "survival_std": 2.357022603955158,
    "still_trapped": true
  },
  "lr=1e-04_ent=0.05": {
    "lr": 0.0001,
    "entropy_coef": 0.05,
    "lambda_mean": 0.4283328881060133,
    "lambda_std": 0.022845797939077976,
    "lambda_ci95": [
      0.40324969049887144,
      0.4585102637158543
    ],
    "survival_mean": 48.333333333333336,
    "survival_std": 2.357022603955158,
    "still_trapped": true
  },
  "lr=3e-04_ent=0.0": {
    "lr": 0.00025,
    "entropy_coef": 0.0,
    "lambda_mean": 0.4310210599575209,
    "lambda_std": 0.05945738101272803,
    "lambda_ci95": [
      0.38195071265831243,
      0.5146903692420557
    ],
    "survival_mean": 43.333333333333336,
    "survival_std": 6.236095644623236,
    "still_trapped": true
  },
  "lr=3e-04_ent=0.01": {
    "lr": 0.00025,
    "entropy_coef": 0.01,
    "lambda_mean": 0.4310210599575209,
    "lambda_std": 0.05945738101272803,
    "lambda_ci95": [
      0.38195071265831243,
      0.5146903692420557
    ],
    "survival_mean": 43.333333333333336,
    "survival_std": 6.236095644623236,
    "still_trapped": true
  },
  "lr=3e-04_ent=0.05": {
    "lr": 0.00025,
    "entropy_coef": 0.05,
    "lambda_mean": 0.4310210599575209,
    "lambda_std": 0.05945738101272803,
    "lambda_ci95": [
      0.38195071265831243,
      0.5146903692420557
    ],
    "survival_mean": 43.333333333333336,
    "survival_std": 6.236095644623236,
    "still_trapped": true
  },
  "lr=5e-04_ent=0.0": {
    "lr": 0.0005,
    "entropy_coef": 0.0,
    "lambda_mean": 0.4038927944096041,
    "lambda_std": 0.06705516926609953,
    "lambda_ci95": [
      0.33010544719419405,
      0.492372940383059
    ],
    "survival_mean": 41.666666666666664,
    "survival_std": 4.714045207910317,
    "still_trapped": true
  },
  "lr=5e-04_ent=0.01": {
    "lr": 0.0005,
    "entropy_coef": 0.01,
    "lambda_mean": 0.4038927944096041,
    "lambda_std": 0.06705516926609953,
    "lambda_ci95": [
      0.33010544719419405,
      0.492372940383059
    ],
    "survival_mean": 41.666666666666664,
    "survival_std": 4.714045207910317,
    "still_trapped": true
  },
  "lr=5e-04_ent=0.05": {
    "lr": 0.0005,
    "entropy_coef": 0.05,
    "lambda_mean": 0.4038927944096041,
    "lambda_std": 0.06705516926609953,
    "lambda_ci95": [
      0.33010544719419405,
      0.492372940383059
    ],
    "survival_mean": 41.666666666666664,
    "survival_std": 4.714045207910317,
    "still_trapped": true
  },
  "lr=1e-03_ent=0.0": {
    "lr": 0.001,
    "entropy_coef": 0.0,
    "lambda_mean": 0.4204186396748497,
    "lambda_std": 0.05817204786851032,
    "lambda_ci95": [
      0.3443364652852024,
      0.48556337579250036
    ],
    "survival_mean": 38.333333333333336,
    "survival_std": 4.714045207910317,
    "still_trapped": true
  },
  "lr=1e-03_ent=0.01": {
    "lr": 0.001,
    "entropy_coef": 0.01,
    "lambda_mean": 0.4204186396748497,
    "lambda_std": 0.05817204786851032,
    "lambda_ci95": [
      0.3443364652852024,
      0.48556337579250036
    ],
    "survival_mean": 38.333333333333336,
    "survival_std": 4.714045207910317,
    "still_trapped": true
  },
  "lr=1e-03_ent=0.05": {
    "lr": 0.001,
    "entropy_coef": 0.05,
    "lambda_mean": 0.4204186396748497,
    "lambda_std": 0.05817204786851032,
    "lambda_ci95": [
      0.3443364652852024,
      0.48556337579250036
    ],
    "survival_mean": 38.333333333333336,
    "survival_std": 4.714045207910317,
    "still_trapped": true
  }
}