{
  "lr=1e-04_ent=0.0": {
    "lr": 0.0001,
    "entropy_coef": 0.0,
    "lambda_mean": 0.43249339372083045,
    "lambda_std": 0.05480396431549586,
    "lambda_ci95": [
      0.39805652817472675,
      0.4665631062559072
    ],
    "survival_mean": 45.5,
    "survival_std": 10.35615758860399,
    "policy_entropy_mean": 0.9184231194946232,
    "policy_entropy_std": 0.0006709343840806737,
    "still_trapped": true
  },
  "lr=1e-04_ent=0.01": {
    "lr": 0.0001,
    "entropy_coef": 0.01,
    "lambda_mean": 0.4305951267652097,
    "lambda_std": 0.05822724475444877,
    "lambda_ci95": [
      0.39384759510204853,
      0.4664916643102611
    ],
    "survival_mean": 45.5,
    "survival_std": 10.35615758860399,
    "policy_entropy_mean": 0.9200211745167268,
    "policy_entropy_std": 0.0006660784773378892,
    "still_trapped": true
  },
  "lr=1e-04_ent=0.05": {
    "lr": 0.0001,
    "entropy_coef": 0.05,
    "lambda_mean": 0.4264443881686075,
    "lambda_std": 0.05495454964298369,
    "lambda_ci95": [
      0.39244472610450026,
      0.4607656074009245
    ],
    "survival_mean": 45.5,
    "survival_std": 10.35615758860399,
    "policy_entropy_mean": 0.9262412008309854,
    "policy_entropy_std": 0.0008566185627027177,
    "still_trapped": true
  },
  "lr=1e-04_ent=0.1": {
    "lr": 0.0001,
    "entropy_coef": 0.1,
    "lambda_mean": 0.4306168479158492,
    "lambda_std": 0.04916301349207658,
    "lambda_ci95": [
      0.40070051342569046,
      0.4613818716510041
    ],
    "survival_mean": 45.5,
    "survival_std": 10.35615758860399,
    "policy_entropy_mean": 0.9339825388455878,
    "policy_entropy_std": 0.0011407030520242238,
    "still_trapped": true
  },
  "lr=1e-04_ent=0.5": {
    "lr": 0.0001,
    "entropy_coef": 0.5,
    "lambda_mean": 0.4391738709181901,
    "lambda_std": 0.048448538811135665,
    "lambda_ci95": [
      0.40834296012971777,
      0.468141333930804
    ],
    "survival_mean": 46.5,
    "survival_std": 10.965856099730654,
    "policy_entropy_mean": 0.995872456568358,
    "policy_entropy_std": 0.0031976259983017615,
    "still_trapped": true
  },
  "lr=3e-04_ent=0.0": {
    "lr": 0.00025,
    "entropy_coef": 0.0,
    "lambda_mean": 0.4171185954814901,
    "lambda_std": 0.06608843933034941,
    "lambda_ci95": [
      0.374996564697639,
      0.45691349136460213
    ],
    "survival_mean": 40.5,
    "survival_std": 8.789197915623474,
    "policy_entropy_mean": 0.9178537486798911,
    "policy_entropy_std": 0.0005988158069586813,
    "still_trapped": true
  },
  "lr=3e-04_ent=0.01": {
    "lr": 0.00025,
    "entropy_coef": 0.01,
    "lambda_mean": 0.4150634730445642,
    "lambda_std": 0.06636368782562171,
    "lambda_ci95": [
      0.3719812533593377,
      0.45464993590890546
    ],
    "survival_mean": 40.5,
    "survival_std": 8.789197915623474,
    "policy_entropy_mean": 0.9193708346237944,
    "policy_entropy_std": 0.0006517482941520629,
    "still_trapped": true
  },
  "lr=3e-04_ent=0.05": {
    "lr": 0.00025,
    "entropy_coef": 0.05,
    "lambda_mean": 0.40760782393734096,
    "lambda_std": 0.07545880211761871,
    "lambda_ci95": [
      0.3620088553303506,
      0.4542459524414256
    ],
    "survival_mean": 40.5,
    "survival_std": 8.789197915623474,
    "policy_entropy_mean": 0.925515957909701,
    "policy_entropy_std": 0.0008215177779998083,
    "still_trapped": true
  },
  "lr=3e-04_ent=0.1": {
    "lr": 0.00025,
    "entropy_coef": 0.1,
    "lambda_mean": 0.4029454804685524,
    "lambda_std": 0.07775886295525221,
    "lambda_ci95": [
      0.3553824325544519,
      0.45188816455447933
    ],
    "survival_mean": 41.0,
    "survival_std": 8.602325267042628,
    "policy_entropy_mean": 0.9331973855928501,
    "policy_entropy_std": 0.0010583015071438098,
    "still_trapped": true
  },
  "lr=3e-04_ent=0.5": {
    "lr": 0.00025,
    "entropy_coef": 0.5,
    "lambda_mean": 0.42225115431204496,
    "lambda_std": 0.055583456486990486,
    "lambda_ci95": [
      0.38688932317673747,
      0.4550702160118269
    ],
    "survival_mean": 41.0,
    "survival_std": 8.88819441731559,
    "policy_entropy_mean": 0.9939341028765757,
    "policy_entropy_std": 0.0031661538369152442,
    "still_trapped": true
  },
  "lr=5e-04_ent=0.0": {
    "lr": 0.0005,
    "entropy_coef": 0.0,
    "lambda_mean": 0.37503544008412104,
    "lambda_std": 0.07398589145360959,
    "lambda_ci95": [
      0.32882198575864324,
      0.421071389099781
    ],
    "survival_mean": 36.5,
    "survival_std": 11.84271928232701,
    "policy_entropy_mean": 0.9173177860556818,
    "policy_entropy_std": 0.0006431961935038335,
    "still_trapped": true
  },
  "lr=5e-04_ent=0.01": {
    "lr": 0.0005,
    "entropy_coef": 0.01,
    "lambda_mean": 0.3789479386294923,
    "lambda_std": 0.06175794931432494,
    "lambda_ci95": [
      0.34194597695109763,
      0.4175613731239188
    ],
    "survival_mean": 36.0,
    "survival_std": 10.908712114635716,
    "policy_entropy_mean": 0.9188053240613063,
    "policy_entropy_std": 0.0006849066852945837,
    "still_trapped": true
  },
  "lr=5e-04_ent=0.05": {
    "lr": 0.0005,
    "entropy_coef": 0.05,
    "lambda_mean": 0.38148952225317345,
    "lambda_std": 0.08219113415012723,
    "lambda_ci95": [
      0.3303413866404039,
      0.42966794246444623
    ],
    "survival_mean": 37.5,
    "survival_std": 10.062305898749056,
    "policy_entropy_mean": 0.924817894067813,
    "policy_entropy_std": 0.0008434224099446017,
    "still_trapped": true
  },
  "lr=5e-04_ent=0.1": {
    "lr": 0.0005,
    "entropy_coef": 0.1,
    "lambda_mean": 0.3852985112181644,
    "lambda_std": 0.08117713861498599,
    "lambda_ci95": [
      0.33191782858036173,
      0.4333947402363335
    ],
    "survival_mean": 38.0,
    "survival_std": 9.797958971132713,
    "policy_entropy_mean": 0.9323689923634337,
    "policy_entropy_std": 0.0009368125382847178,
    "still_trapped": true
  },
  "lr=5e-04_ent=0.5": {
    "lr": 0.0005,
    "entropy_coef": 0.5,
    "lambda_mean": 0.3978195599152391,
    "lambda_std": 0.054806829638512,
    "lambda_ci95": [
      0.3645325153598168,
      0.4315987857617012
    ],
    "survival_mean": 37.0,
    "survival_std": 11.661903789690601,
    "policy_entropy_mean": 0.9921365500440406,
    "policy_entropy_std": 0.0027215971350771045,
    "still_trapped": true
  },
  "lr=1e-03_ent=0.0": {
    "lr": 0.001,
    "entropy_coef": 0.0,
    "lambda_mean": 0.3874882583870044,
    "lambda_std": 0.08510851686091124,
    "lambda_ci95": [
      0.3334868893554434,
      0.437514177459816
    ],
    "survival_mean": 39.0,
    "survival_std": 9.165151389911681,
    "policy_entropy_mean": 0.9171801959709247,
    "policy_entropy_std": 0.0006315234207815304,
    "still_trapped": true
  },
  "lr=1e-03_ent=0.01": {
    "lr": 0.001,
    "entropy_coef": 0.01,
    "lambda_mean": 0.3866085724057212,
    "lambda_std": 0.08372276533133396,
    "lambda_ci95": [
      0.33180283634381375,
      0.43626967683708706
    ],
    "survival_mean": 38.5,
    "survival_std": 8.95823643358446,
    "policy_entropy_mean": 0.9186274867916596,
    "policy_entropy_std": 0.0006856897500071463,
    "still_trapped": true
  },
  "lr=1e-03_ent=0.05": {
    "lr": 0.001,
    "entropy_coef": 0.05,
    "lambda_mean": 0.3835923383814318,
    "lambda_std": 0.07834178724163617,
    "lambda_ci95": [
      0.33489252217751775,
      0.4305214538131459
    ],
    "survival_mean": 37.5,
    "survival_std": 9.287087810503357,
    "policy_entropy_mean": 0.9246351419694572,
    "policy_entropy_std": 0.0008362100370491234,
    "still_trapped": true
  },
  "lr=1e-03_ent=0.1": {
    "lr": 0.001,
    "entropy_coef": 0.1,
    "lambda_mean": 0.3853069057064943,
    "lambda_std": 0.08223516469040795,
    "lambda_ci95": [
      0.33343463705629167,
      0.4354134524062596
    ],
    "survival_mean": 38.5,
    "survival_std": 9.500000000000002,
    "policy_entropy_mean": 0.9319820720049801,
    "policy_entropy_std": 0.0011539497603796586,
    "still_trapped": true
  },
  "lr=1e-03_ent=0.5": {
    "lr": 0.001,