{
  "results": [
    {
      "K": 0,
      "mean_lam": 0.4997129302319462,
      "survival": 0.5466666666666666,
      "welfare": 24.203745608750435,
      "time_s": 2.894045114517212,
      "time_ratio": 1.0
    },
    {
      "K": 1,
      "mean_lam": 0.5003216252661189,
      "survival": 0.42,
      "welfare": 24.219070747485365,
      "time_s": 6.616689682006836,
      "time_ratio": 2.2863118645994707
    },
    {
      "K": 2,
      "mean_lam": 0.49985198776025425,
      "survival": 0.5133333333333333,
      "welfare": 24.175714625040253,
      "time_s": 8.208839893341064,
      "time_ratio": 2.8364588555180394
    }
  ]
}